Title,Slug,URL
"3D printing technician","3d-printing-technician","https://nationalcareers.service.gov.uk/job-profiles/3d-printing-technician"
"Accommodation warden","accommodation-warden","https://nationalcareers.service.gov.uk/job-profiles/accommodation-warden"
"Accounting technician","accounting-technician","https://nationalcareers.service.gov.uk/job-profiles/accounting-technician"
"Acoustics consultant","acoustics-consultant","https://nationalcareers.service.gov.uk/job-profiles/acoustics-consultant"
"Actor","actor","https://nationalcareers.service.gov.uk/job-profiles/actor"
"Actuary","actuary","https://nationalcareers.service.gov.uk/job-profiles/actuary"
"Acupuncturist","acupuncturist","https://nationalcareers.service.gov.uk/job-profiles/acupuncturist"
"Admin assistant","admin-assistant","https://nationalcareers.service.gov.uk/job-profiles/admin-assistant"
"Advertising account executive","advertising-account-executive","https://nationalcareers.service.gov.uk/job-profiles/advertising-account-executive"
"Advertising account planner","advertising-account-planner","https://nationalcareers.service.gov.uk/job-profiles/advertising-account-planner"
"Advertising art director","advertising-art-director","https://nationalcareers.service.gov.uk/job-profiles/advertising-art-director"
"Advertising copywriter","advertising-copywriter","https://nationalcareers.service.gov.uk/job-profiles/advertising-copywriter"
"Advertising media buyer","advertising-media-buyer","https://nationalcareers.service.gov.uk/job-profiles/advertising-media-buyer"
"Advertising media planner","advertising-media-planner","https://nationalcareers.service.gov.uk/job-profiles/advertising-media-planner"
"Advocacy worker","care-home-advocate","https://nationalcareers.service.gov.uk/job-profiles/care-home-advocate"
"Aerospace engineer","aerospace-engineer","https://nationalcareers.service.gov.uk/job-profiles/aerospace-engineer"
"Aerospace engineering technician","aerospace-engineering-technician","https://nationalcareers.service.gov.uk/job-profiles/aerospace-engineering-technician"
"Agricultural contractor","agricultural-contractor","https://nationalcareers.service.gov.uk/job-profiles/agricultural-contractor"
"Agricultural engineer","agricultural-engineer","https://nationalcareers.service.gov.uk/job-profiles/agricultural-engineer"
"Agricultural engineering technician","agricultural-engineering-technician","https://nationalcareers.service.gov.uk/job-profiles/agricultural-engineering-technician"
"Agricultural inspector","agricultural-inspector","https://nationalcareers.service.gov.uk/job-profiles/agricultural-inspector"
"Agronomist","agronomist","https://nationalcareers.service.gov.uk/job-profiles/agronomist"
"Aid worker","aid-worker","https://nationalcareers.service.gov.uk/job-profiles/aid-worker"
"Air accident investigator","air-accident-investigator","https://nationalcareers.service.gov.uk/job-profiles/air-accident-investigator"
"Air traffic controller","air-traffic-controller","https://nationalcareers.service.gov.uk/job-profiles/air-traffic-controller"
"Airline customer service agent","airline-customer-service-agent","https://nationalcareers.service.gov.uk/job-profiles/airline-customer-service-agent"
"Airline pilot","airline-pilot","https://nationalcareers.service.gov.uk/job-profiles/airline-pilot"
"Airport baggage handler","airport-baggage-handler","https://nationalcareers.service.gov.uk/job-profiles/airport-baggage-handler"
"Airport information assistant","airport-information-assistant","https://nationalcareers.service.gov.uk/job-profiles/airport-information-assistant"
"Ambulance care assistant","ambulance-care-assistant","https://nationalcareers.service.gov.uk/job-profiles/ambulance-care-assistant"
"Anaesthetist","anaesthetist","https://nationalcareers.service.gov.uk/job-profiles/anaesthetist"
"Anatomical pathology technician","anatomical-pathology-technician","https://nationalcareers.service.gov.uk/job-profiles/anatomical-pathology-technician"
"Animal care worker","animal-care-worker","https://nationalcareers.service.gov.uk/job-profiles/animal-care-worker"
"Animal technician","animal-technician","https://nationalcareers.service.gov.uk/job-profiles/animal-technician"
"Animator","animator","https://nationalcareers.service.gov.uk/job-profiles/animator"
"Antique dealer","antique-dealer","https://nationalcareers.service.gov.uk/job-profiles/antique-dealer"
"App developer","app-developer","https://nationalcareers.service.gov.uk/job-profiles/app-developer"
"Arboricultural officer","arboricultural-officer","https://nationalcareers.service.gov.uk/job-profiles/arboricultural-officer"
"Archaeologist","archaeologist","https://nationalcareers.service.gov.uk/job-profiles/archaeologist"
"Architect","architect","https://nationalcareers.service.gov.uk/job-profiles/architect"
"Architectural technician","architectural-technician","https://nationalcareers.service.gov.uk/job-profiles/architectural-technician"
"Architectural technologist","architectural-technologist","https://nationalcareers.service.gov.uk/job-profiles/architectural-technologist"
"Archivist","archivist","https://nationalcareers.service.gov.uk/job-profiles/archivist"
"Army officer","army-officer","https://nationalcareers.service.gov.uk/job-profiles/army-officer"
"Aromatherapist","aromatherapist","https://nationalcareers.service.gov.uk/job-profiles/aromatherapist"
"Art editor","art-editor","https://nationalcareers.service.gov.uk/job-profiles/art-editor"
"Art therapist","art-therapist","https://nationalcareers.service.gov.uk/job-profiles/art-therapist"
"Art valuer","art-valuer","https://nationalcareers.service.gov.uk/job-profiles/art-valuer"
"Artificial intelligence (AI) engineer","artificial-intelligence-ai-engineer","https://nationalcareers.service.gov.uk/job-profiles/artificial-intelligence-ai-engineer"
"Arts administrator","arts-administrator","https://nationalcareers.service.gov.uk/job-profiles/arts-administrator"
"Assistance dog trainer","assistance-dog-trainer","https://nationalcareers.service.gov.uk/job-profiles/assistance-dog-trainer"
"Assistant immigration officer","assistant-immigration-officer","https://nationalcareers.service.gov.uk/job-profiles/assistant-immigration-officer"
"Astronaut","astronaut","https://nationalcareers.service.gov.uk/job-profiles/astronaut"
"Astronomer","astronomer","https://nationalcareers.service.gov.uk/job-profiles/astronomer"
"Athlete","athlete","https://nationalcareers.service.gov.uk/job-profiles/athlete"
"Audio visual technician","audio-visual-technician","https://nationalcareers.service.gov.uk/job-profiles/audio-visual-technician"
"Audiologist","audiologist","https://nationalcareers.service.gov.uk/job-profiles/audiologist"
"Auditor","auditor","https://nationalcareers.service.gov.uk/job-profiles/auditor"
"Auto electrician","auto-electrician","https://nationalcareers.service.gov.uk/job-profiles/auto-electrician"
"Automotive engineer","automotive-engineer","https://nationalcareers.service.gov.uk/job-profiles/automotive-engineer"
"Automotive parts advisor","motor-vehicle-parts-person","https://nationalcareers.service.gov.uk/job-profiles/motor-vehicle-parts-person"
"Bailiff","bailiff","https://nationalcareers.service.gov.uk/job-profiles/bailiff"
"Baker","baker","https://nationalcareers.service.gov.uk/job-profiles/baker"
"Bank manager","bank-manager","https://nationalcareers.service.gov.uk/job-profiles/bank-manager"
"Banking customer service adviser","banking-customer-service-adviser","https://nationalcareers.service.gov.uk/job-profiles/banking-customer-service-adviser"
"Bar person","bar-person","https://nationalcareers.service.gov.uk/job-profiles/bar-person"
"Barista","barista","https://nationalcareers.service.gov.uk/job-profiles/barista"
"Barrister","barrister","https://nationalcareers.service.gov.uk/job-profiles/barrister"
"Barrister's clerk","barristers-clerk","https://nationalcareers.service.gov.uk/job-profiles/barristers-clerk"
"Beauty consultant","beauty-consultant","https://nationalcareers.service.gov.uk/job-profiles/beauty-consultant"
"Beauty therapist","beauty-therapist","https://nationalcareers.service.gov.uk/job-profiles/beauty-therapist"
"Beekeeper","beekeeper","https://nationalcareers.service.gov.uk/job-profiles/beekeeper"
"Bid writer","bid-writer","https://nationalcareers.service.gov.uk/job-profiles/bid-writer"
"Bilingual secretary","bilingual-secretary","https://nationalcareers.service.gov.uk/job-profiles/bilingual-secretary"
"Bin worker","bin-worker","https://nationalcareers.service.gov.uk/job-profiles/bin-worker"
"Biochemist","biochemist","https://nationalcareers.service.gov.uk/job-profiles/biochemist"
"Biologist","biologist","https://nationalcareers.service.gov.uk/job-profiles/biologist"
"Biomedical scientist","biomedical-scientist","https://nationalcareers.service.gov.uk/job-profiles/biomedical-scientist"
"Biotechnologist","biotechnologist","https://nationalcareers.service.gov.uk/job-profiles/biotechnologist"
"Blacksmith","blacksmith","https://nationalcareers.service.gov.uk/job-profiles/blacksmith"
"Boat builder","boat-builder","https://nationalcareers.service.gov.uk/job-profiles/boat-builder"
"Bodyguard","bodyguard","https://nationalcareers.service.gov.uk/job-profiles/bodyguard"
"Bookbinder","bookbinder-or-print-finisher","https://nationalcareers.service.gov.uk/job-profiles/bookbinder-or-print-finisher"
"Bookkeeper","bookkeeper","https://nationalcareers.service.gov.uk/job-profiles/bookkeeper"
"Bookseller","bookseller","https://nationalcareers.service.gov.uk/job-profiles/bookseller"
"Border Force officer","border-force-officer","https://nationalcareers.service.gov.uk/job-profiles/border-force-officer"
"Bricklayer","bricklayer","https://nationalcareers.service.gov.uk/job-profiles/bricklayer"
"British Sign Language interpreter","british-sign-language-interpreter","https://nationalcareers.service.gov.uk/job-profiles/british-sign-language-interpreter"
"British Sign Language teacher","british-sign-language-teacher","https://nationalcareers.service.gov.uk/job-profiles/british-sign-language-teacher"
"Broadcast engineer","broadcast-engineer","https://nationalcareers.service.gov.uk/job-profiles/broadcast-engineer"
"Broadcast journalist","broadcast-journalist","https://nationalcareers.service.gov.uk/job-profiles/broadcast-journalist"
"Builders' merchant","builders-merchant","https://nationalcareers.service.gov.uk/job-profiles/builders-merchant"
"Building control officer","building-control-officer","https://nationalcareers.service.gov.uk/job-profiles/building-control-officer"
"Building services engineer","building-services-engineer","https://nationalcareers.service.gov.uk/job-profiles/building-services-engineer"
"Building site inspector","building-site-inspector","https://nationalcareers.service.gov.uk/job-profiles/building-site-inspector"
"Building surveyor","building-surveyor","https://nationalcareers.service.gov.uk/job-profiles/building-surveyor"
"Building technician","building-technician","https://nationalcareers.service.gov.uk/job-profiles/building-technician"
"Bus or coach driver","bus-or-coach-driver","https://nationalcareers.service.gov.uk/job-profiles/bus-or-coach-driver"
"Business adviser","business-adviser","https://nationalcareers.service.gov.uk/job-profiles/business-adviser"
"Business analyst","business-analyst","https://nationalcareers.service.gov.uk/job-profiles/business-analyst"
"Business development manager","business-development-manager","https://nationalcareers.service.gov.uk/job-profiles/business-development-manager"
"Business project manager","business-project-manager","https://nationalcareers.service.gov.uk/job-profiles/business-project-manager"
"Butcher","butcher","https://nationalcareers.service.gov.uk/job-profiles/butcher"
"Cabin crew","cabin-crew","https://nationalcareers.service.gov.uk/job-profiles/cabin-crew"
"CAD technician","cad-technician","https://nationalcareers.service.gov.uk/job-profiles/cad-technician"
"Cake decorator","cake-decorator","https://nationalcareers.service.gov.uk/job-profiles/cake-decorator"
"Call centre operator","call-centre-operator","https://nationalcareers.service.gov.uk/job-profiles/call-centre-operator"
"Car manufacturing worker","car-manufacturing-worker","https://nationalcareers.service.gov.uk/job-profiles/car-manufacturing-worker"
"Car rental agent","car-rental-agent","https://nationalcareers.service.gov.uk/job-profiles/car-rental-agent"
"Car valet","car-valet","https://nationalcareers.service.gov.uk/job-profiles/car-valet"
"Care escort","care-escort","https://nationalcareers.service.gov.uk/job-profiles/care-escort"
"Care home manager","care-home-manager","https://nationalcareers.service.gov.uk/job-profiles/care-home-manager"
"Care worker","care-worker","https://nationalcareers.service.gov.uk/job-profiles/care-worker"
"Careers adviser","careers-adviser","https://nationalcareers.service.gov.uk/job-profiles/careers-adviser"
"Caretaker","caretaker","https://nationalcareers.service.gov.uk/job-profiles/caretaker"
"Carpenter","carpenter","https://nationalcareers.service.gov.uk/job-profiles/carpenter"
"Carpet fitter and floor layer","carpet-fitter-and-floor-layer","https://nationalcareers.service.gov.uk/job-profiles/carpet-fitter-and-floor-layer"
"Cartographer","cartographer","https://nationalcareers.service.gov.uk/job-profiles/cartographer"
"Catering manager","catering-manager","https://nationalcareers.service.gov.uk/job-profiles/catering-manager"
"Cavity insulation installer","cavity-insulation-installer","https://nationalcareers.service.gov.uk/job-profiles/cavity-insulation-installer"
"Ceiling fixer","ceiling-fixer","https://nationalcareers.service.gov.uk/job-profiles/ceiling-fixer"
"Celebrant","celebrant","https://nationalcareers.service.gov.uk/job-profiles/celebrant"
"Cellar technician","cellar-technician","https://nationalcareers.service.gov.uk/job-profiles/cellar-technician"
"Cemetery worker","cemetery-worker","https://nationalcareers.service.gov.uk/job-profiles/cemetery-worker"
"Charity fundraiser","charity-fundraiser","https://nationalcareers.service.gov.uk/job-profiles/charity-fundraiser"
"Chef","chef","https://nationalcareers.service.gov.uk/job-profiles/chef"
"Chemical engineer","chemical-engineer","https://nationalcareers.service.gov.uk/job-profiles/chemical-engineer"
"Chemical engineering technician","chemical-engineering-technician","https://nationalcareers.service.gov.uk/job-profiles/chemical-engineering-technician"
"Chemical plant process operator","chemical-plant-process-operator","https://nationalcareers.service.gov.uk/job-profiles/chemical-plant-process-operator"
"Chemist","chemist","https://nationalcareers.service.gov.uk/job-profiles/chemist"
"Chief inspector","chief-inspector","https://nationalcareers.service.gov.uk/job-profiles/chief-inspector"
"Child protection officer","child-protection-officer","https://nationalcareers.service.gov.uk/job-profiles/child-protection-officer"
"Childminder","childminder","https://nationalcareers.service.gov.uk/job-profiles/childminder"
"Children's nurse","childrens-nurse","https://nationalcareers.service.gov.uk/job-profiles/childrens-nurse"
"Chiropractor","chiropractor","https://nationalcareers.service.gov.uk/job-profiles/chiropractor"
"Choreographer","choreographer","https://nationalcareers.service.gov.uk/job-profiles/choreographer"
"Cinema or theatre attendant","cinema-or-theatre-attendant","https://nationalcareers.service.gov.uk/job-profiles/cinema-or-theatre-attendant"
"Civil enforcement officer","civil-enforcement-officer","https://nationalcareers.service.gov.uk/job-profiles/civil-enforcement-officer"
"Civil engineer","civil-engineer","https://nationalcareers.service.gov.uk/job-profiles/civil-engineer"
"Civil engineering technician","civil-engineering-technician","https://nationalcareers.service.gov.uk/job-profiles/civil-engineering-technician"
"Civil Service administrative officer","civil-service-administrative-officer","https://nationalcareers.service.gov.uk/job-profiles/civil-service-administrative-officer"
"Civil Service executive officer","civil-service-executive-officer","https://nationalcareers.service.gov.uk/job-profiles/civil-service-executive-officer"
"Civil Service manager","civil-service-manager","https://nationalcareers.service.gov.uk/job-profiles/civil-service-manager"
"Cleaner","cleaner","https://nationalcareers.service.gov.uk/job-profiles/cleaner"
"Climate scientist","climate-scientist","https://nationalcareers.service.gov.uk/job-profiles/climate-scientist"
"Clinical engineer","clinical-engineer","https://nationalcareers.service.gov.uk/job-profiles/clinical-engineer"
"Clinical psychologist","clinical-psychologist","https://nationalcareers.service.gov.uk/job-profiles/clinical-psychologist"
"Clinical scientist","clinical-scientist","https://nationalcareers.service.gov.uk/job-profiles/clinical-scientist"
"CNC machinist","cnc-machinist","https://nationalcareers.service.gov.uk/job-profiles/cnc-machinist"
"Coastguard","coastguard","https://nationalcareers.service.gov.uk/job-profiles/coastguard"
"Cognitive behavioural therapist","cognitive-behavioural-therapist","https://nationalcareers.service.gov.uk/job-profiles/cognitive-behavioural-therapist"
"Commercial energy assessor","commercial-energy-assessor","https://nationalcareers.service.gov.uk/job-profiles/commercial-energy-assessor"
"Communication support worker","communication-support-worker","https://nationalcareers.service.gov.uk/job-profiles/communication-support-worker"
"Community arts worker","community-arts-worker","https://nationalcareers.service.gov.uk/job-profiles/community-arts-worker"
"Community development worker","community-development-worker","https://nationalcareers.service.gov.uk/job-profiles/community-development-worker"
"Community education co-ordinator","community-education-coordinator","https://nationalcareers.service.gov.uk/job-profiles/community-education-coordinator"
"Community matron","community-matron","https://nationalcareers.service.gov.uk/job-profiles/community-matron"
"Community transport driver","community-transport-driver","https://nationalcareers.service.gov.uk/job-profiles/community-transport-driver"
"Company secretary","company-secretary","https://nationalcareers.service.gov.uk/job-profiles/company-secretary"
"Computer games developer","computer-games-developer","https://nationalcareers.service.gov.uk/job-profiles/computer-games-developer"
"Computer games tester","computer-games-tester","https://nationalcareers.service.gov.uk/job-profiles/computer-games-tester"
"Conservator","conservator","https://nationalcareers.service.gov.uk/job-profiles/conservator"
"Construction contracts manager","construction-contracts-manager","https://nationalcareers.service.gov.uk/job-profiles/construction-contracts-manager"
"Construction labourer","construction-labourer","https://nationalcareers.service.gov.uk/job-profiles/construction-labourer"
"Construction manager","construction-manager","https://nationalcareers.service.gov.uk/job-profiles/construction-manager"
"Construction plant mechanic","construction-plant-mechanic","https://nationalcareers.service.gov.uk/job-profiles/construction-plant-mechanic"
"Construction plant operator","construction-plant-operator","https://nationalcareers.service.gov.uk/job-profiles/construction-plant-operator"
"Construction site supervisor","construction-site-supervisor","https://nationalcareers.service.gov.uk/job-profiles/construction-site-supervisor"
"Consumer scientist","consumer-scientist","https://nationalcareers.service.gov.uk/job-profiles/consumer-scientist"
"Copy editor","copy-editor","https://nationalcareers.service.gov.uk/job-profiles/copy-editor"
"Coroner","coroner","https://nationalcareers.service.gov.uk/job-profiles/coroner"
"Corporate responsibility and sustainability practitioner","corporate-responsibility-and-sustainability-practitioner","https://nationalcareers.service.gov.uk/job-profiles/corporate-responsibility-and-sustainability-practitioner"
"Costume designer","costume-designer","https://nationalcareers.service.gov.uk/job-profiles/costume-designer"
"Counsellor","counsellor","https://nationalcareers.service.gov.uk/job-profiles/counsellor"
"Counter service assistant","counter-service-assistant","https://nationalcareers.service.gov.uk/job-profiles/counter-service-assistant"
"Countryside officer","countryside-officer","https://nationalcareers.service.gov.uk/job-profiles/countryside-officer"
"Countryside ranger","countryside-ranger","https://nationalcareers.service.gov.uk/job-profiles/countryside-ranger"
"Court administrative assistant","court-administrative-assistant","https://nationalcareers.service.gov.uk/job-profiles/court-administrative-assistant"
"Court legal adviser","court-legal-adviser","https://nationalcareers.service.gov.uk/job-profiles/court-legal-adviser"
"Court usher","court-usher","https://nationalcareers.service.gov.uk/job-profiles/court-usher"
"Crane driver","crane-driver","https://nationalcareers.service.gov.uk/job-profiles/crane-driver"
"Credit controller","credit-controller","https://nationalcareers.service.gov.uk/job-profiles/credit-controller"
"Crematorium technician","crematorium-technician","https://nationalcareers.service.gov.uk/job-profiles/crematorium-technician"
"Criminologist","criminologist","https://nationalcareers.service.gov.uk/job-profiles/criminologist"
"Critical care technologist","critical-care-technologist","https://nationalcareers.service.gov.uk/job-profiles/critical-care-technologist"
"Crown prosecutor","crown-prosecutor","https://nationalcareers.service.gov.uk/job-profiles/crown-prosecutor"
"Cruise ship steward","cruise-ship-steward","https://nationalcareers.service.gov.uk/job-profiles/cruise-ship-steward"
"Customer service assistant","customer-service-assistant","https://nationalcareers.service.gov.uk/job-profiles/customer-service-assistant"
"Customer services manager","customer-services-manager","https://nationalcareers.service.gov.uk/job-profiles/customer-services-manager"
"Cyber intelligence officer","cyber-intelligence-officer","https://nationalcareers.service.gov.uk/job-profiles/cyber-intelligence-officer"
"Cycle mechanic","cycle-mechanic","https://nationalcareers.service.gov.uk/job-profiles/cycle-mechanic"
"Cycling coach","cycling-coach","https://nationalcareers.service.gov.uk/job-profiles/cycling-coach"
"Dance movement psychotherapist","dance-movement-psychotherapist","https://nationalcareers.service.gov.uk/job-profiles/dance-movement-psychotherapist"
"Dance teacher","dance-teacher","https://nationalcareers.service.gov.uk/job-profiles/dance-teacher"
"Dancer","dancer","https://nationalcareers.service.gov.uk/job-profiles/dancer"
"Data analyst-statistician","data-analyst-statistician","https://nationalcareers.service.gov.uk/job-profiles/data-analyst-statistician"
"Data scientist","data-scientist","https://nationalcareers.service.gov.uk/job-profiles/data-scientist"
"Database administrator","database-administrator","https://nationalcareers.service.gov.uk/job-profiles/database-administrator"
"Delivery van driver","delivery-van-driver","https://nationalcareers.service.gov.uk/job-profiles/delivery-van-driver"
"Demolition operative","demolition-operative","https://nationalcareers.service.gov.uk/job-profiles/demolition-operative"
"Dental hygienist","dental-hygienist","https://nationalcareers.service.gov.uk/job-profiles/dental-hygienist"
"Dental nurse","dental-nurse","https://nationalcareers.service.gov.uk/job-profiles/dental-nurse"
"Dental technician","dental-technician","https://nationalcareers.service.gov.uk/job-profiles/dental-technician"
"Dental therapist","dental-therapist","https://nationalcareers.service.gov.uk/job-profiles/dental-therapist"
"Dentist","dentist","https://nationalcareers.service.gov.uk/job-profiles/dentist"
"Design and development engineer","design-and-development-engineer","https://nationalcareers.service.gov.uk/job-profiles/design-and-development-engineer"
"Dietitian","dietitian","https://nationalcareers.service.gov.uk/job-profiles/dietitian"
"Digital delivery manager","digital-delivery-manager","https://nationalcareers.service.gov.uk/job-profiles/digital-delivery-manager"
"Digital product owner","digital-product-owner","https://nationalcareers.service.gov.uk/job-profiles/digital-product-owner"
"Diplomatic Service officer","diplomatic-service-officer","https://nationalcareers.service.gov.uk/job-profiles/diplomatic-service-officer"
"Director of photography","director-of-photography","https://nationalcareers.service.gov.uk/job-profiles/director-of-photography"
"Dispensing optician","dispensing-optician","https://nationalcareers.service.gov.uk/job-profiles/dispensing-optician"
"District nurse","district-nurse","https://nationalcareers.service.gov.uk/job-profiles/district-nurse"
"Diver","diver","https://nationalcareers.service.gov.uk/job-profiles/diver"
"DJ","dj","https://nationalcareers.service.gov.uk/job-profiles/dj"
"Dog groomer","dog-groomer","https://nationalcareers.service.gov.uk/job-profiles/dog-groomer"
"Dog handler","dog-handler","https://nationalcareers.service.gov.uk/job-profiles/dog-handler"
"Domestic appliance service engineer","domestic-appliance-service-engineer","https://nationalcareers.service.gov.uk/job-profiles/domestic-appliance-service-engineer"
"Domestic energy assessor","domestic-energy-assessor","https://nationalcareers.service.gov.uk/job-profiles/domestic-energy-assessor"
"Door supervisor","door-supervisor","https://nationalcareers.service.gov.uk/job-profiles/door-supervisor"
"Dramatherapist","dramatherapist","https://nationalcareers.service.gov.uk/job-profiles/dramatherapist"
"Dressmaker","dress-maker","https://nationalcareers.service.gov.uk/job-profiles/dress-maker"
"Driving instructor","driving-instructor","https://nationalcareers.service.gov.uk/job-profiles/driving-instructor"
"Drone pilot","drone-pilot","https://nationalcareers.service.gov.uk/job-profiles/drone-pilot"
"Dryliner","dry-liner","https://nationalcareers.service.gov.uk/job-profiles/dry-liner"
"E-commerce manager","e-commerce-manager","https://nationalcareers.service.gov.uk/job-profiles/e-commerce-manager"
"E-learning developer","e-learning-developer","https://nationalcareers.service.gov.uk/job-profiles/e-learning-developer"
"Early years teacher","early-years-teacher","https://nationalcareers.service.gov.uk/job-profiles/early-years-teacher"
"Ecologist","ecologist","https://nationalcareers.service.gov.uk/job-profiles/ecologist"
"Economist","economist","https://nationalcareers.service.gov.uk/job-profiles/economist"
"Editorial assistant","editorial-assistant","https://nationalcareers.service.gov.uk/job-profiles/editorial-assistant"
"Education technician","education-technician","https://nationalcareers.service.gov.uk/job-profiles/education-technician"
"Education welfare officer","education-welfare-officer","https://nationalcareers.service.gov.uk/job-profiles/education-welfare-officer"
"Electrical engineer","electrical-engineer","https://nationalcareers.service.gov.uk/job-profiles/electrical-engineer"
"Electrical engineering technician","electrical-engineering-technician","https://nationalcareers.service.gov.uk/job-profiles/electrical-engineering-technician"
"Electrician","electrician","https://nationalcareers.service.gov.uk/job-profiles/electrician"
"Electricity distribution worker","electricity-distribution-worker","https://nationalcareers.service.gov.uk/job-profiles/electricity-distribution-worker"
"Electricity generation worker","electricity-generation-worker","https://nationalcareers.service.gov.uk/job-profiles/electricity-generation-worker"
"Electronics engineer","electronics-engineer","https://nationalcareers.service.gov.uk/job-profiles/electronics-engineer"
"Electronics engineering technician","electronics-engineering-technician","https://nationalcareers.service.gov.uk/job-profiles/electronics-engineering-technician"
"Embalmer","embalmer","https://nationalcareers.service.gov.uk/job-profiles/embalmer"
"Emergency care assistant","emergency-care-assistant","https://nationalcareers.service.gov.uk/job-profiles/emergency-care-assistant"
"Emergency medical dispatcher","emergency-medical-dispatcher","https://nationalcareers.service.gov.uk/job-profiles/emergency-medical-dispatcher"
"Engineering construction craftworker","engineering-construction-craftworker","https://nationalcareers.service.gov.uk/job-profiles/engineering-construction-craftworker"
"Engineering construction technician","engineering-construction-technician","https://nationalcareers.service.gov.uk/job-profiles/engineering-construction-technician"
"Engineering craft machinist","engineering-craft-machinist","https://nationalcareers.service.gov.uk/job-profiles/engineering-craft-machinist"
"Engineering maintenance technician","engineering-maintenance-technician","https://nationalcareers.service.gov.uk/job-profiles/engineering-maintenance-technician"
"Engineering operative","engineering-operative","https://nationalcareers.service.gov.uk/job-profiles/engineering-operative"
"English as a foreign language (EFL) teacher","efl-teacher","https://nationalcareers.service.gov.uk/job-profiles/efl-teacher"
"Environmental consultant","environmental-consultant","https://nationalcareers.service.gov.uk/job-profiles/environmental-consultant"
"Environmental health practitioner","environmental-health-officer","https://nationalcareers.service.gov.uk/job-profiles/environmental-health-officer"
"Equalities officer","equalities-officer","https://nationalcareers.service.gov.uk/job-profiles/equalities-officer"
"Ergonomist","ergonomist","https://nationalcareers.service.gov.uk/job-profiles/ergonomist"
"Esports gamer","esports-gamer","https://nationalcareers.service.gov.uk/job-profiles/esports-gamer"
"Estate agent","estate-agent","https://nationalcareers.service.gov.uk/job-profiles/estate-agent"
"Estates officer","estates-officer","https://nationalcareers.service.gov.uk/job-profiles/estates-officer"
"Estimator","estimator","https://nationalcareers.service.gov.uk/job-profiles/estimator"
"Events manager","events-manager","https://nationalcareers.service.gov.uk/job-profiles/events-manager"
"Executive assistant","personal-assistant","https://nationalcareers.service.gov.uk/job-profiles/personal-assistant"
"Exhibition designer","exhibition-designer","https://nationalcareers.service.gov.uk/job-profiles/exhibition-designer"
"Facilities manager","facilities-manager","https://nationalcareers.service.gov.uk/job-profiles/facilities-manager"
"Family mediator","family-mediator","https://nationalcareers.service.gov.uk/job-profiles/family-mediator"
"Family support worker","family-support-worker","https://nationalcareers.service.gov.uk/job-profiles/family-support-worker"
"Farm secretary","farm-secretary","https://nationalcareers.service.gov.uk/job-profiles/farm-secretary"
"Farm worker","farm-worker","https://nationalcareers.service.gov.uk/job-profiles/farm-worker"
"Farmer","farmer","https://nationalcareers.service.gov.uk/job-profiles/farmer"
"Farrier","farrier","https://nationalcareers.service.gov.uk/job-profiles/farrier"
"Fashion design assistant","fashion-design-assistant","https://nationalcareers.service.gov.uk/job-profiles/fashion-design-assistant"
"Fashion designer","fashion-designer","https://nationalcareers.service.gov.uk/job-profiles/fashion-designer"
"Fashion model","fashion-model","https://nationalcareers.service.gov.uk/job-profiles/fashion-model"
"Fast fit technician","motor-vehicle-fitter","https://nationalcareers.service.gov.uk/job-profiles/motor-vehicle-fitter"
"Fence installer","fence-installer","https://nationalcareers.service.gov.uk/job-profiles/fence-installer"
"Film critic","film-critic","https://nationalcareers.service.gov.uk/job-profiles/film-critic"
"Finance officer","finance-officer","https://nationalcareers.service.gov.uk/job-profiles/finance-officer"
"Financial adviser","financial-adviser","https://nationalcareers.service.gov.uk/job-profiles/financial-adviser"
"Financial services customer adviser","financial-services-customer-adviser","https://nationalcareers.service.gov.uk/job-profiles/financial-services-customer-adviser"
"Fine artist","fine-artist","https://nationalcareers.service.gov.uk/job-profiles/fine-artist"
"Fingerprint officer","fingerprint-officer","https://nationalcareers.service.gov.uk/job-profiles/fingerprint-officer"
"Fire safety engineer","fire-safety-engineer","https://nationalcareers.service.gov.uk/job-profiles/fire-safety-engineer"
"Firefighter","firefighter","https://nationalcareers.service.gov.uk/job-profiles/firefighter"
"Fish farmer","fish-farmer","https://nationalcareers.service.gov.uk/job-profiles/fish-farmer"
"Fishing boat deckhand","fishing-boat-deckhand","https://nationalcareers.service.gov.uk/job-profiles/fishing-boat-deckhand"
"Fitness instructor","fitness-instructor","https://nationalcareers.service.gov.uk/job-profiles/fitness-instructor"
"Florist","florist","https://nationalcareers.service.gov.uk/job-profiles/florist"
"Food factory worker","food-factory-worker","https://nationalcareers.service.gov.uk/job-profiles/food-factory-worker"
"Food manufacturing inspector","food-manufacturing-inspector","https://nationalcareers.service.gov.uk/job-profiles/food-manufacturing-inspector"
"Food packaging operative","food-packaging-operative","https://nationalcareers.service.gov.uk/job-profiles/food-packaging-operative"
"Food scientist","food-scientist","https://nationalcareers.service.gov.uk/job-profiles/food-scientist"
"Football coach","football-coach","https://nationalcareers.service.gov.uk/job-profiles/football-coach"
"Football referee","football-referee","https://nationalcareers.service.gov.uk/job-profiles/football-referee"
"Footwear designer","footwear-designer","https://nationalcareers.service.gov.uk/job-profiles/footwear-designer"
"Footwear manufacturing operative","footwear-manufacturing-operative","https://nationalcareers.service.gov.uk/job-profiles/footwear-manufacturing-operative"
"Forensic collision investigator","road-traffic-accident-investigator","https://nationalcareers.service.gov.uk/job-profiles/road-traffic-accident-investigator"
"Forensic computer analyst","forensic-computer-analyst","https://nationalcareers.service.gov.uk/job-profiles/forensic-computer-analyst"
"Forensic psychologist","forensic-psychologist","https://nationalcareers.service.gov.uk/job-profiles/forensic-psychologist"
"Forensic scientist","forensic-scientist","https://nationalcareers.service.gov.uk/job-profiles/forensic-scientist"
"Forestry worker","forestry-worker","https://nationalcareers.service.gov.uk/job-profiles/forestry-worker"
"Forklift driver","forklift-driver","https://nationalcareers.service.gov.uk/job-profiles/forklift-driver"
"Forklift truck engineer","forklift-truck-engineer","https://nationalcareers.service.gov.uk/job-profiles/forklift-truck-engineer"
"Formworker","formworker","https://nationalcareers.service.gov.uk/job-profiles/formworker"
"Foster carer","foster-carer","https://nationalcareers.service.gov.uk/job-profiles/foster-carer"
"Foundry moulder","foundry-mould-maker","https://nationalcareers.service.gov.uk/job-profiles/foundry-mould-maker"
"Funeral director","funeral-director","https://nationalcareers.service.gov.uk/job-profiles/funeral-director"
"Furniture designer","furniture-designer","https://nationalcareers.service.gov.uk/job-profiles/furniture-designer"
"Furniture maker","furniture-maker","https://nationalcareers.service.gov.uk/job-profiles/furniture-maker"
"Furniture restorer","furniture-restorer","https://nationalcareers.service.gov.uk/job-profiles/furniture-restorer"
"Further education teacher","further-education-lecturer","https://nationalcareers.service.gov.uk/job-profiles/further-education-lecturer"
"Gamekeeper","gamekeeper","https://nationalcareers.service.gov.uk/job-profiles/gamekeeper"
"Gardener","gardener","https://nationalcareers.service.gov.uk/job-profiles/gardener"
"Garment technologist","garment-technologist","https://nationalcareers.service.gov.uk/job-profiles/garment-technologist"
"Gas mains layer","gas-mains-layer","https://nationalcareers.service.gov.uk/job-profiles/gas-mains-layer"
"Gas service technician","gas-service-technician","https://nationalcareers.service.gov.uk/job-profiles/gas-service-technician"
"General practice surveyor","general-practice-surveyor","https://nationalcareers.service.gov.uk/job-profiles/general-practice-surveyor"
"Geneticist","geneticist","https://nationalcareers.service.gov.uk/job-profiles/geneticist"
"Geoscientist","geoscientist","https://nationalcareers.service.gov.uk/job-profiles/geoscientist"
"Geospatial  technician","geospatial-technician","https://nationalcareers.service.gov.uk/job-profiles/geospatial-technician"
"Geotechnician","geotechnician","https://nationalcareers.service.gov.uk/job-profiles/geotechnician"
"Glassmaker","glassmaker","https://nationalcareers.service.gov.uk/job-profiles/glassmaker"
"Glazier","glazier","https://nationalcareers.service.gov.uk/job-profiles/glazier"
"GP","gp","https://nationalcareers.service.gov.uk/job-profiles/gp"
"GP practice manager","gp-practice-manager","https://nationalcareers.service.gov.uk/job-profiles/gp-practice-manager"
"Graphic designer","graphic-designer","https://nationalcareers.service.gov.uk/job-profiles/graphic-designer"
"Groundsperson","groundsperson","https://nationalcareers.service.gov.uk/job-profiles/groundsperson"
"Hairdresser","hairdresser","https://nationalcareers.service.gov.uk/job-profiles/hairdresser"
"Headteacher","headteacher","https://nationalcareers.service.gov.uk/job-profiles/headteacher"
"Health and safety adviser","health-and-safety-adviser","https://nationalcareers.service.gov.uk/job-profiles/health-and-safety-adviser"
"Health play specialist","health-play-specialist","https://nationalcareers.service.gov.uk/job-profiles/health-play-specialist"
"Health promotion specialist","health-promotion-specialist","https://nationalcareers.service.gov.uk/job-profiles/health-promotion-specialist"
"Health records clerk","health-records-clerk","https://nationalcareers.service.gov.uk/job-profiles/health-records-clerk"
"Health service manager","health-service-manager","https://nationalcareers.service.gov.uk/job-profiles/health-service-manager"
"Health trainer","health-trainer","https://nationalcareers.service.gov.uk/job-profiles/health-trainer"
"Health visitor","health-visitor","https://nationalcareers.service.gov.uk/job-profiles/health-visitor"
"Healthcare assistant","healthcare-assistant","https://nationalcareers.service.gov.uk/job-profiles/healthcare-assistant"
"Healthcare science assistant","healthcare-science-assistant","https://nationalcareers.service.gov.uk/job-profiles/healthcare-science-assistant"
"Heat pump engineer","heat-pump-engineer","https://nationalcareers.service.gov.uk/job-profiles/heat-pump-engineer"
"Heating and ventilation engineer","heating-and-ventilation-engineer","https://nationalcareers.service.gov.uk/job-profiles/heating-and-ventilation-engineer"
"Helicopter engineer","helicopter-engineer","https://nationalcareers.service.gov.uk/job-profiles/helicopter-engineer"
"Helicopter pilot","helicopter-pilot","https://nationalcareers.service.gov.uk/job-profiles/helicopter-pilot"
"Heritage officer","heritage-officer","https://nationalcareers.service.gov.uk/job-profiles/heritage-officer"
"HGV driver","large-goods-vehicle-driver","https://nationalcareers.service.gov.uk/job-profiles/large-goods-vehicle-driver"
"Higher education lecturer","higher-education-lecturer","https://nationalcareers.service.gov.uk/job-profiles/higher-education-lecturer"
"Homeopath","homeopath","https://nationalcareers.service.gov.uk/job-profiles/homeopath"
"Horse groom","horse-groom","https://nationalcareers.service.gov.uk/job-profiles/horse-groom"
"Horse riding instructor","horse-riding-instructor","https://nationalcareers.service.gov.uk/job-profiles/horse-riding-instructor"
"Horticultural manager","horticultural-manager","https://nationalcareers.service.gov.uk/job-profiles/horticultural-manager"
"Horticultural therapist","horticultural-therapist","https://nationalcareers.service.gov.uk/job-profiles/horticultural-therapist"
"Horticultural worker","horticultural-worker","https://nationalcareers.service.gov.uk/job-profiles/horticultural-worker"
"Hospital doctor","hospital-doctor","https://nationalcareers.service.gov.uk/job-profiles/hospital-doctor"
"Hospital porter","hospital-porter","https://nationalcareers.service.gov.uk/job-profiles/hospital-porter"
"Hotel housekeeper","housekeeper","https://nationalcareers.service.gov.uk/job-profiles/housekeeper"
"Hotel manager","hotel-manager","https://nationalcareers.service.gov.uk/job-profiles/hotel-manager"
"Hotel porter","hotel-porter","https://nationalcareers.service.gov.uk/job-profiles/hotel-porter"
"Housing officer","housing-officer","https://nationalcareers.service.gov.uk/job-profiles/housing-officer"
"Human resources officer","human-resources-officer","https://nationalcareers.service.gov.uk/job-profiles/human-resources-officer"
"Hydrologist","hydrologist","https://nationalcareers.service.gov.uk/job-profiles/hydrologist"
"Hypnotherapist","hypnotherapist","https://nationalcareers.service.gov.uk/job-profiles/hypnotherapist"
"Illustrator","illustrator","https://nationalcareers.service.gov.uk/job-profiles/illustrator"
"Immigration adviser (non-government)","immigration-adviser-non-government","https://nationalcareers.service.gov.uk/job-profiles/immigration-adviser-non-government"
"Immigration officer","immigration-officer","https://nationalcareers.service.gov.uk/job-profiles/immigration-officer"
"Import-export clerk","import-export-clerk","https://nationalcareers.service.gov.uk/job-profiles/import-export-clerk"
"Indexer","indexer","https://nationalcareers.service.gov.uk/job-profiles/indexer"
"Industrial cleaner","industrial-cleaner","https://nationalcareers.service.gov.uk/job-profiles/industrial-cleaner"
"Information scientist","information-scientist","https://nationalcareers.service.gov.uk/job-profiles/information-scientist"
"Insurance account manager","insurance-account-manager","https://nationalcareers.service.gov.uk/job-profiles/insurance-account-manager"
"Insurance broker","insurance-broker","https://nationalcareers.service.gov.uk/job-profiles/insurance-broker"
"Insurance claims handler","insurance-claims-handler","https://nationalcareers.service.gov.uk/job-profiles/insurance-claims-handler"
"Insurance loss adjuster","insurance-loss-adjuster","https://nationalcareers.service.gov.uk/job-profiles/insurance-loss-adjuster"
"Insurance risk surveyor","insurance-risk-surveyor","https://nationalcareers.service.gov.uk/job-profiles/insurance-risk-surveyor"
"Insurance technician","insurance-technician","https://nationalcareers.service.gov.uk/job-profiles/insurance-technician"
"Insurance underwriter","insurance-underwriter","https://nationalcareers.service.gov.uk/job-profiles/insurance-underwriter"
"Intelligence analyst","criminal-intelligence-analyst","https://nationalcareers.service.gov.uk/job-profiles/criminal-intelligence-analyst"
"Interior designer","interior-designer","https://nationalcareers.service.gov.uk/job-profiles/interior-designer"
"Interpreter","interpreter","https://nationalcareers.service.gov.uk/job-profiles/interpreter"
"Investment analyst","investment-analyst","https://nationalcareers.service.gov.uk/job-profiles/investment-analyst"
"IT project manager","it-project-manager","https://nationalcareers.service.gov.uk/job-profiles/it-project-manager"
"IT security co-ordinator","it-security-co-ordinator","https://nationalcareers.service.gov.uk/job-profiles/it-security-co-ordinator"
"IT service engineer","it-service-engineer","https://nationalcareers.service.gov.uk/job-profiles/it-service-engineer"
"IT support technician","it-support-technician","https://nationalcareers.service.gov.uk/job-profiles/it-support-technician"
"IT trainer","it-trainer","https://nationalcareers.service.gov.uk/job-profiles/it-trainer"
"Jewellery designer-maker","jewellery-designer-maker","https://nationalcareers.service.gov.uk/job-profiles/jewellery-designer-maker"
"Jockey","jockey","https://nationalcareers.service.gov.uk/job-profiles/jockey"
"Judge","judge","https://nationalcareers.service.gov.uk/job-profiles/judge"
"Kennel worker","kennel-worker","https://nationalcareers.service.gov.uk/job-profiles/kennel-worker"
"Kitchen and bathroom designer","kitchen-and-bathroom-designer","https://nationalcareers.service.gov.uk/job-profiles/kitchen-and-bathroom-designer"
"Kitchen and bathroom fitter","kitchen-and-bathroom-fitter","https://nationalcareers.service.gov.uk/job-profiles/kitchen-and-bathroom-fitter"
"Kitchen porter","kitchen-assistant","https://nationalcareers.service.gov.uk/job-profiles/kitchen-assistant"
"Laboratory technician","laboratory-technician","https://nationalcareers.service.gov.uk/job-profiles/laboratory-technician"
"Land and property valuer and auctioneer","land-and-property-valuer-and-auctioneer","https://nationalcareers.service.gov.uk/job-profiles/land-and-property-valuer-and-auctioneer"
"Land surveyor","land-surveyor","https://nationalcareers.service.gov.uk/job-profiles/land-surveyor"
"Landscape architect","landscape-architect","https://nationalcareers.service.gov.uk/job-profiles/landscape-architect"
"Landscaper","landscaper","https://nationalcareers.service.gov.uk/job-profiles/landscaper"
"Laundry worker","laundry-worker","https://nationalcareers.service.gov.uk/job-profiles/laundry-worker"
"Learning disability nurse","learning-disability-nurse","https://nationalcareers.service.gov.uk/job-profiles/learning-disability-nurse"
"Learning mentor","learning-mentor","https://nationalcareers.service.gov.uk/job-profiles/learning-mentor"
"Leather craftworker","leather-craftworker","https://nationalcareers.service.gov.uk/job-profiles/leather-craftworker"
"Legal executive","legal-executive","https://nationalcareers.service.gov.uk/job-profiles/legal-executive"
"Legal secretary","legal-secretary","https://nationalcareers.service.gov.uk/job-profiles/legal-secretary"
"Leisure centre assistant","leisure-centre-assistant","https://nationalcareers.service.gov.uk/job-profiles/leisure-centre-assistant"
"Leisure centre manager","leisure-centre-manager","https://nationalcareers.service.gov.uk/job-profiles/leisure-centre-manager"
"Letting agent","letting-agent","https://nationalcareers.service.gov.uk/job-profiles/letting-agent"
"Librarian","librarian","https://nationalcareers.service.gov.uk/job-profiles/librarian"
"Library assistant","library-assistant","https://nationalcareers.service.gov.uk/job-profiles/library-assistant"
"Licensed conveyancer","licensed-conveyancer","https://nationalcareers.service.gov.uk/job-profiles/licensed-conveyancer"
"Life coach","life-coach","https://nationalcareers.service.gov.uk/job-profiles/life-coach"
"Lifeguard","lifeguard","https://nationalcareers.service.gov.uk/job-profiles/lifeguard"
"Lift engineer","lift-engineer","https://nationalcareers.service.gov.uk/job-profiles/lift-engineer"
"Lighting technician","lighting-technician","https://nationalcareers.service.gov.uk/job-profiles/lighting-technician"
"Live sound engineer","live-sound-engineer","https://nationalcareers.service.gov.uk/job-profiles/live-sound-engineer"
"Local government officer","local-government-officer","https://nationalcareers.service.gov.uk/job-profiles/local-government-officer"
"Local government revenues officer","local-government-revenues-officer","https://nationalcareers.service.gov.uk/job-profiles/local-government-revenues-officer"
"Locksmith","locksmith","https://nationalcareers.service.gov.uk/job-profiles/locksmith"
"Maintenance fitter","maintenance-fitter","https://nationalcareers.service.gov.uk/job-profiles/maintenance-fitter"
"Make-up artist","make-up-artist","https://nationalcareers.service.gov.uk/job-profiles/make-up-artist"
"Management accountant","management-accountant","https://nationalcareers.service.gov.uk/job-profiles/management-accountant"
"Management consultant","management-consultant","https://nationalcareers.service.gov.uk/job-profiles/management-consultant"
"Manufacturing systems engineer","manufacturing-systems-engineer","https://nationalcareers.service.gov.uk/job-profiles/manufacturing-systems-engineer"
"Marine engineer","marine-engineer","https://nationalcareers.service.gov.uk/job-profiles/marine-engineer"
"Marine engineering technician","marine-engineering-technician","https://nationalcareers.service.gov.uk/job-profiles/marine-engineering-technician"
"Market research data analyst","market-research-data-analyst","https://nationalcareers.service.gov.uk/job-profiles/market-research-data-analyst"
"Market research executive","market-research-executive","https://nationalcareers.service.gov.uk/job-profiles/market-research-executive"
"Market researcher","market-researcher","https://nationalcareers.service.gov.uk/job-profiles/market-researcher"
"Market trader","market-trader","https://nationalcareers.service.gov.uk/job-profiles/market-trader"
"Marketing executive","marketing-executive","https://nationalcareers.service.gov.uk/job-profiles/marketing-executive"
"Marketing manager","marketing-manager","https://nationalcareers.service.gov.uk/job-profiles/marketing-manager"
"Martial arts instructor","martial-arts-instructor","https://nationalcareers.service.gov.uk/job-profiles/martial-arts-instructor"
"Massage therapist","massage-therapist","https://nationalcareers.service.gov.uk/job-profiles/massage-therapist"
"Materials engineer","materials-engineer","https://nationalcareers.service.gov.uk/job-profiles/materials-engineer"
"Materials technician","materials-technician","https://nationalcareers.service.gov.uk/job-profiles/materials-technician"
"Maternity support worker","maternity-support-worker","https://nationalcareers.service.gov.uk/job-profiles/maternity-support-worker"
"Meat hygiene inspector","meat-hygiene-inspector","https://nationalcareers.service.gov.uk/job-profiles/meat-hygiene-inspector"
"Mechanical engineer","mechanical-engineer","https://nationalcareers.service.gov.uk/job-profiles/mechanical-engineer"
"Mechanical engineering technician","mechanical-engineering-technician","https://nationalcareers.service.gov.uk/job-profiles/mechanical-engineering-technician"
"Media researcher","media-researcher","https://nationalcareers.service.gov.uk/job-profiles/media-researcher"
"Medical herbalist","medical-herbalist","https://nationalcareers.service.gov.uk/job-profiles/medical-herbalist"
"Medical illustrator","medical-illustrator","https://nationalcareers.service.gov.uk/job-profiles/medical-illustrator"
"Medical physicist","medical-physicist","https://nationalcareers.service.gov.uk/job-profiles/medical-physicist"
"Medical secretary","medical-secretary","https://nationalcareers.service.gov.uk/job-profiles/medical-secretary"
"Mental health nurse","mental-health-nurse","https://nationalcareers.service.gov.uk/job-profiles/mental-health-nurse"
"Merchant Navy deck officer","merchant-navy-deck-officer","https://nationalcareers.service.gov.uk/job-profiles/merchant-navy-deck-officer"
"Merchant Navy engineering officer","merchant-navy-engineering-officer","https://nationalcareers.service.gov.uk/job-profiles/merchant-navy-engineering-officer"
"Merchant Navy rating","merchant-navy-rating","https://nationalcareers.service.gov.uk/job-profiles/merchant-navy-rating"
"Meteorologist","meteorologist","https://nationalcareers.service.gov.uk/job-profiles/meteorologist"
"Metrologist","metrologist","https://nationalcareers.service.gov.uk/job-profiles/metrologist"
"Microbiologist","microbiologist","https://nationalcareers.service.gov.uk/job-profiles/microbiologist"
"Microbrewer","microbrewer","https://nationalcareers.service.gov.uk/job-profiles/microbrewer"
"Midwife","midwife","https://nationalcareers.service.gov.uk/job-profiles/midwife"
"Model maker","model-maker","https://nationalcareers.service.gov.uk/job-profiles/model-maker"
"Money adviser","money-adviser","https://nationalcareers.service.gov.uk/job-profiles/money-adviser"
"Montessori teacher","montessori-teacher","https://nationalcareers.service.gov.uk/job-profiles/montessori-teacher"
"Mortgage adviser","mortgage-adviser","https://nationalcareers.service.gov.uk/job-profiles/mortgage-adviser"
"Motor mechanic","motor-mechanic","https://nationalcareers.service.gov.uk/job-profiles/motor-mechanic"
"Motorcycle mechanic","motorcycle-mechanic","https://nationalcareers.service.gov.uk/job-profiles/motorcycle-mechanic"
"Motorsport engineer","motorsport-engineer","https://nationalcareers.service.gov.uk/job-profiles/motorsport-engineer"
"MP","mp","https://nationalcareers.service.gov.uk/job-profiles/mp"
"Museum attendant","museum-assistant","https://nationalcareers.service.gov.uk/job-profiles/museum-assistant"
"Museum curator","museum-curator","https://nationalcareers.service.gov.uk/job-profiles/museum-curator"
"Music promotions manager","music-promotions-manager","https://nationalcareers.service.gov.uk/job-profiles/music-promotions-manager"
"Music teacher","music-teacher","https://nationalcareers.service.gov.uk/job-profiles/music-teacher"
"Music therapist","music-therapist","https://nationalcareers.service.gov.uk/job-profiles/music-therapist"
"Musical instrument maker and repairer","musical-instrument-maker-repairer","https://nationalcareers.service.gov.uk/job-profiles/musical-instrument-maker-repairer"
"Musician","classical-musician","https://nationalcareers.service.gov.uk/job-profiles/classical-musician"
"Nail technician","nail-technician","https://nationalcareers.service.gov.uk/job-profiles/nail-technician"
"Nanny","nanny","https://nationalcareers.service.gov.uk/job-profiles/nanny"
"Nanotechnologist","nanotechnologist","https://nationalcareers.service.gov.uk/job-profiles/nanotechnologist"
"Naturopath","naturopath","https://nationalcareers.service.gov.uk/job-profiles/naturopath"
"Naval architect","naval-architect","https://nationalcareers.service.gov.uk/job-profiles/naval-architect"
"Neighbourhood warden","neighbourhood-warden","https://nationalcareers.service.gov.uk/job-profiles/neighbourhood-warden"
"Network engineer","network-engineer","https://nationalcareers.service.gov.uk/job-profiles/network-engineer"
"Network manager","network-manager","https://nationalcareers.service.gov.uk/job-profiles/network-manager"
"Newspaper or magazine editor","newspaper-or-magazine-editor","https://nationalcareers.service.gov.uk/job-profiles/newspaper-or-magazine-editor"
"Newspaper or magazine journalist","newspaper-journalist","https://nationalcareers.service.gov.uk/job-profiles/newspaper-journalist"
"Non-destructive testing technician","non-destructive-testing-technician","https://nationalcareers.service.gov.uk/job-profiles/non-destructive-testing-technician"
"Nuclear engineer","nuclear-engineer","https://nationalcareers.service.gov.uk/job-profiles/nuclear-engineer"
"Nuclear technician","nuclear-technician","https://nationalcareers.service.gov.uk/job-profiles/nuclear-technician"
"Nurse","nurse","https://nationalcareers.service.gov.uk/job-profiles/nurse"
"Nursery manager","nursery-manager","https://nationalcareers.service.gov.uk/job-profiles/nursery-manager"
"Nursery worker","nursery-worker","https://nationalcareers.service.gov.uk/job-profiles/nursery-worker"
"Nursing associate","nursing-associate","https://nationalcareers.service.gov.uk/job-profiles/nursing-associate"
"Nutritional therapist","nutritional-therapist","https://nationalcareers.service.gov.uk/job-profiles/nutritional-therapist"
"Nutritionist","nutritionist","https://nationalcareers.service.gov.uk/job-profiles/nutritionist"
"Occupational health nurse","occupational-health-nurse","https://nationalcareers.service.gov.uk/job-profiles/occupational-health-nurse"
"Occupational therapist","occupational-therapist","https://nationalcareers.service.gov.uk/job-profiles/occupational-therapist"
"Occupational therapy support worker","occupational-therapy-support-worker","https://nationalcareers.service.gov.uk/job-profiles/occupational-therapy-support-worker"
"Oceanographer","oceanographer","https://nationalcareers.service.gov.uk/job-profiles/oceanographer"
"Office manager","office-manager","https://nationalcareers.service.gov.uk/job-profiles/office-manager"
"Offshore drilling worker","offshore-drilling-worker","https://nationalcareers.service.gov.uk/job-profiles/offshore-drilling-worker"
"Ofsted inspector","ofsted-inspector","https://nationalcareers.service.gov.uk/job-profiles/ofsted-inspector"
"Online tutor","online-tutor","https://nationalcareers.service.gov.uk/job-profiles/online-tutor"
"Operating department practitioner","operating-department-practitioner","https://nationalcareers.service.gov.uk/job-profiles/operating-department-practitioner"
"Operational researcher","operational-researcher","https://nationalcareers.service.gov.uk/job-profiles/operational-researcher"
"Optometrist","optometrist","https://nationalcareers.service.gov.uk/job-profiles/optometrist"
"Orthoptist","orthoptist","https://nationalcareers.service.gov.uk/job-profiles/orthoptist"
"Osteopath","osteopath","https://nationalcareers.service.gov.uk/job-profiles/osteopath"
"Outdoor activities instructor","outdoor-activities-instructor","https://nationalcareers.service.gov.uk/job-profiles/outdoor-activities-instructor"
"Packaging technologist","packaging-technologist","https://nationalcareers.service.gov.uk/job-profiles/packaging-technologist"
"Packer","packer","https://nationalcareers.service.gov.uk/job-profiles/packer"
"Paediatrician","paediatrician","https://nationalcareers.service.gov.uk/job-profiles/paediatrician"
"Paint sprayer","paint-sprayer","https://nationalcareers.service.gov.uk/job-profiles/paint-sprayer"
"Painter and decorator","painter-and-decorator","https://nationalcareers.service.gov.uk/job-profiles/painter-and-decorator"
"Palaeontologist","palaeontologist","https://nationalcareers.service.gov.uk/job-profiles/palaeontologist"
"Palliative care assistant","palliative-care-assistant","https://nationalcareers.service.gov.uk/job-profiles/palliative-care-assistant"
"Paralegal","paralegal","https://nationalcareers.service.gov.uk/job-profiles/paralegal"
"Paramedic","paramedic","https://nationalcareers.service.gov.uk/job-profiles/paramedic"
"Paraplanner","paraplanner","https://nationalcareers.service.gov.uk/job-profiles/paraplanner"
"Patent attorney","patent-attorney","https://nationalcareers.service.gov.uk/job-profiles/patent-attorney"
"Pathologist","pathologist","https://nationalcareers.service.gov.uk/job-profiles/pathologist"
"Patient advice and liaison service officer","patient-advice-and-liaison-service-officer","https://nationalcareers.service.gov.uk/job-profiles/patient-advice-and-liaison-service-officer"
"Patient transport service controller","patient-transport-service-controller","https://nationalcareers.service.gov.uk/job-profiles/patient-transport-service-controller"
"Pattern cutter","pattern-cutter","https://nationalcareers.service.gov.uk/job-profiles/pattern-cutter"
"Payroll administrator","payroll-administrator","https://nationalcareers.service.gov.uk/job-profiles/payroll-administrator"
"PE teacher","pe-teacher","https://nationalcareers.service.gov.uk/job-profiles/pe-teacher"
"Pensions administrator","pensions-administrator","https://nationalcareers.service.gov.uk/job-profiles/pensions-administrator"
"Performance sports scientist","sports-scientist","https://nationalcareers.service.gov.uk/job-profiles/sports-scientist"
"Personal shopper","personal-shopper","https://nationalcareers.service.gov.uk/job-profiles/personal-shopper"
"Personal trainer","personal-trainer","https://nationalcareers.service.gov.uk/job-profiles/personal-trainer"
"Pest control technician","pest-control-technician","https://nationalcareers.service.gov.uk/job-profiles/pest-control-technician"
"Pet behaviour consultant","pet-behaviour-consultant","https://nationalcareers.service.gov.uk/job-profiles/pet-behaviour-consultant"
"Pharmacist","pharmacist","https://nationalcareers.service.gov.uk/job-profiles/pharmacist"
"Pharmacologist","pharmacologist","https://nationalcareers.service.gov.uk/job-profiles/pharmacologist"
"Pharmacy assistant","pharmacy-assistant","https://nationalcareers.service.gov.uk/job-profiles/pharmacy-assistant"
"Pharmacy technician","pharmacy-technician","https://nationalcareers.service.gov.uk/job-profiles/pharmacy-technician"
"Phlebotomist","phlebotomist","https://nationalcareers.service.gov.uk/job-profiles/phlebotomist"
"Photographer","photographer","https://nationalcareers.service.gov.uk/job-profiles/photographer"
"Photographic stylist","photographic-stylist","https://nationalcareers.service.gov.uk/job-profiles/photographic-stylist"
"Photographic technician","photographic-technician","https://nationalcareers.service.gov.uk/job-profiles/photographic-technician"
"Physician associate","physician-associate","https://nationalcareers.service.gov.uk/job-profiles/physician-associate"
"Physicist","physicist","https://nationalcareers.service.gov.uk/job-profiles/physicist"
"Physiotherapist","physiotherapist","https://nationalcareers.service.gov.uk/job-profiles/physiotherapist"
"Physiotherapy assistant","physiotherapy-assistant","https://nationalcareers.service.gov.uk/job-profiles/physiotherapy-assistant"
"Pilates teacher","pilates-teacher","https://nationalcareers.service.gov.uk/job-profiles/pilates-teacher"
"Pipe fitter","pipe-fitter","https://nationalcareers.service.gov.uk/job-profiles/pipe-fitter"
"Planning and development surveyor","planning-and-development-surveyor","https://nationalcareers.service.gov.uk/job-profiles/planning-and-development-surveyor"
"Plasterer","plasterer","https://nationalcareers.service.gov.uk/job-profiles/plasterer"
"Plastic surgeon","cosmetic-surgeon","https://nationalcareers.service.gov.uk/job-profiles/cosmetic-surgeon"
"Play therapist","play-therapist","https://nationalcareers.service.gov.uk/job-profiles/play-therapist"
"Playworker","playworker","https://nationalcareers.service.gov.uk/job-profiles/playworker"
"Plumber","plumber","https://nationalcareers.service.gov.uk/job-profiles/plumber"
"Podiatrist","podiatrist","https://nationalcareers.service.gov.uk/job-profiles/podiatrist"
"Podiatry assistant","podiatry-assistant","https://nationalcareers.service.gov.uk/job-profiles/podiatry-assistant"
"Police community support officer","police-community-support-officer","https://nationalcareers.service.gov.uk/job-profiles/police-community-support-officer"
"Police officer","police-officer","https://nationalcareers.service.gov.uk/job-profiles/police-officer"
"Port operative","port-operative","https://nationalcareers.service.gov.uk/job-profiles/port-operative"
"Portage home visitor","portage-home-visitor","https://nationalcareers.service.gov.uk/job-profiles/portage-home-visitor"
"Post Office customer service assistant","post-office-customer-service-assistant","https://nationalcareers.service.gov.uk/job-profiles/post-office-customer-service-assistant"
"Postperson","postman-or-postwoman","https://nationalcareers.service.gov.uk/job-profiles/postman-or-postwoman"
"Practice nurse","practice-nurse","https://nationalcareers.service.gov.uk/job-profiles/practice-nurse"
"Pre-press operator","pre-press-operator","https://nationalcareers.service.gov.uk/job-profiles/pre-press-operator"
"Primary school teacher","primary-school-teacher","https://nationalcareers.service.gov.uk/job-profiles/primary-school-teacher"
"Prison governor","prison-governor","https://nationalcareers.service.gov.uk/job-profiles/prison-governor"
"Prison instructor","prison-instructor","https://nationalcareers.service.gov.uk/job-profiles/prison-instructor"
"Prison officer","prison-officer","https://nationalcareers.service.gov.uk/job-profiles/prison-officer"
"Private practice accountant","private-practice-accountant","https://nationalcareers.service.gov.uk/job-profiles/private-practice-accountant"
"Probation officer","probation-officer","https://nationalcareers.service.gov.uk/job-profiles/probation-officer"
"Probation services officer","probation-services-officer","https://nationalcareers.service.gov.uk/job-profiles/probation-services-officer"
"Product designer","product-designer","https://nationalcareers.service.gov.uk/job-profiles/product-designer"
"Production manager (manufacturing)","production-manager-manufacturing-","https://nationalcareers.service.gov.uk/job-profiles/production-manager-manufacturing-"
"Production worker (manufacturing)","production-worker-manufacturing","https://nationalcareers.service.gov.uk/job-profiles/production-worker-manufacturing"
"Proofreader","proofreader","https://nationalcareers.service.gov.uk/job-profiles/proofreader"
"Prop maker","prop-maker","https://nationalcareers.service.gov.uk/job-profiles/prop-maker"
"Prosthetist and orthotist","prosthetist-orthotist","https://nationalcareers.service.gov.uk/job-profiles/prosthetist-orthotist"
"Psychiatrist","psychiatrist","https://nationalcareers.service.gov.uk/job-profiles/psychiatrist"
"Psychological wellbeing practitioner","primary-care-graduate-mental-health-worker","https://nationalcareers.service.gov.uk/job-profiles/primary-care-graduate-mental-health-worker"
"Psychologist","psychologist","https://nationalcareers.service.gov.uk/job-profiles/psychologist"
"Psychotherapist","psychotherapist","https://nationalcareers.service.gov.uk/job-profiles/psychotherapist"
"Public finance accountant","public-finance-accountant","https://nationalcareers.service.gov.uk/job-profiles/public-finance-accountant"
"Public relations director","public-relations-director","https://nationalcareers.service.gov.uk/job-profiles/public-relations-director"
"Public relations officer","public-relations-officer","https://nationalcareers.service.gov.uk/job-profiles/public-relations-officer"
"Publican","publican","https://nationalcareers.service.gov.uk/job-profiles/publican"
"Purchasing manager","purchasing-manager","https://nationalcareers.service.gov.uk/job-profiles/purchasing-manager"
"Quality control officer","quality-control-assistant","https://nationalcareers.service.gov.uk/job-profiles/quality-control-assistant"
"Quantity surveyor","quantity-surveyor","https://nationalcareers.service.gov.uk/job-profiles/quantity-surveyor"
"Quarry engineer","quarry-engineer","https://nationalcareers.service.gov.uk/job-profiles/quarry-engineer"
"Quarry worker","quarry-worker","https://nationalcareers.service.gov.uk/job-profiles/quarry-worker"
"Racehorse trainer","racehorse-trainer","https://nationalcareers.service.gov.uk/job-profiles/racehorse-trainer"
"Radio broadcast assistant","radio-broadcast-assistant","https://nationalcareers.service.gov.uk/job-profiles/radio-broadcast-assistant"
"Radiographer","radiographer","https://nationalcareers.service.gov.uk/job-profiles/radiographer"
"Radiography assistant","radiography-assistant","https://nationalcareers.service.gov.uk/job-profiles/radiography-assistant"
"RAF aviator","raf-airman-or-airwoman","https://nationalcareers.service.gov.uk/job-profiles/raf-airman-or-airwoman"
"RAF officer","raf-officer","https://nationalcareers.service.gov.uk/job-profiles/raf-officer"
"RAF regiment gunner","raf-non-commissioned-aircrew","https://nationalcareers.service.gov.uk/job-profiles/raf-non-commissioned-aircrew"
"Rail track maintenance worker","rail-track-maintenance-worker","https://nationalcareers.service.gov.uk/job-profiles/rail-track-maintenance-worker"
"Railway signaller","railway-signaller","https://nationalcareers.service.gov.uk/job-profiles/railway-signaller"
"Receptionist","receptionist","https://nationalcareers.service.gov.uk/job-profiles/receptionist"
"Recruitment consultant","recruitment-consultant","https://nationalcareers.service.gov.uk/job-profiles/recruitment-consultant"
"Recycled metals worker","recycled-metals-worker","https://nationalcareers.service.gov.uk/job-profiles/recycled-metals-worker"
"Recycling engagement officer","recycling-officer","https://nationalcareers.service.gov.uk/job-profiles/recycling-officer"
"Recycling operative","recycling-operative","https://nationalcareers.service.gov.uk/job-profiles/recycling-operative"
"Reflexologist","reflexologist","https://nationalcareers.service.gov.uk/job-profiles/reflexologist"
"Refrigeration and air-conditioning installer","refrigeration-and-air-conditioning-installer","https://nationalcareers.service.gov.uk/job-profiles/refrigeration-and-air-conditioning-installer"
"Registrar of births, deaths, marriages and civil partnerships","registrar-of-births-deaths-marriages-and-civil-partnerships","https://nationalcareers.service.gov.uk/job-profiles/registrar-of-births-deaths-marriages-and-civil-partnerships"
"Reiki healer","reiki-healer","https://nationalcareers.service.gov.uk/job-profiles/reiki-healer"
"Religious leader","religious-leader","https://nationalcareers.service.gov.uk/job-profiles/religious-leader"
"Removals worker","removals-worker","https://nationalcareers.service.gov.uk/job-profiles/removals-worker"
"Renewable energy engineer","energy-engineer","https://nationalcareers.service.gov.uk/job-profiles/energy-engineer"
"Reprographic assistant","reprographic-assistant","https://nationalcareers.service.gov.uk/job-profiles/reprographic-assistant"
"Research scientist","research-scientist","https://nationalcareers.service.gov.uk/job-profiles/research-scientist"
"Residential support worker","residential-support-worker","https://nationalcareers.service.gov.uk/job-profiles/residential-support-worker"
"Resort representative","resort-representative","https://nationalcareers.service.gov.uk/job-profiles/resort-representative"
"Restaurant manager","restaurant-manager","https://nationalcareers.service.gov.uk/job-profiles/restaurant-manager"
"Retail buyer","retail-buyer","https://nationalcareers.service.gov.uk/job-profiles/retail-buyer"
"Retail manager","retail-manager","https://nationalcareers.service.gov.uk/job-profiles/retail-manager"
"Retail merchandiser","retail-merchandiser","https://nationalcareers.service.gov.uk/job-profiles/retail-merchandiser"
"Road transport manager","road-transport-manager","https://nationalcareers.service.gov.uk/job-profiles/road-transport-manager"
"Road worker","road-worker","https://nationalcareers.service.gov.uk/job-profiles/road-worker"
"Roadie","roadie","https://nationalcareers.service.gov.uk/job-profiles/roadie"
"Roadside assistance technician","motor-vehicle-breakdown-engineer","https://nationalcareers.service.gov.uk/job-profiles/motor-vehicle-breakdown-engineer"
"Robotics engineer","robotics-engineer","https://nationalcareers.service.gov.uk/job-profiles/robotics-engineer"
"Rolling stock engineering technician","rail-engineering-technician","https://nationalcareers.service.gov.uk/job-profiles/rail-engineering-technician"
"Roofer","roofer","https://nationalcareers.service.gov.uk/job-profiles/roofer"
"Roustabout","roustabout","https://nationalcareers.service.gov.uk/job-profiles/roustabout"
"Royal Marines commando","royal-marines-commando","https://nationalcareers.service.gov.uk/job-profiles/royal-marines-commando"
"Royal Marines officer","royal-marines-officer","https://nationalcareers.service.gov.uk/job-profiles/royal-marines-officer"
"Royal Navy officer","royal-navy-officer","https://nationalcareers.service.gov.uk/job-profiles/royal-navy-officer"
"Royal Navy rating","royal-navy-rating","https://nationalcareers.service.gov.uk/job-profiles/royal-navy-rating"
"RQF assessor","qcf-assessor","https://nationalcareers.service.gov.uk/job-profiles/qcf-assessor"
"RSPCA inspector","rspca-inspector","https://nationalcareers.service.gov.uk/job-profiles/rspca-inspector"
"Rural surveyor","rural-surveyor","https://nationalcareers.service.gov.uk/job-profiles/rural-surveyor"
"Sailing instructor","sailing-instructor","https://nationalcareers.service.gov.uk/job-profiles/sailing-instructor"
"Sales administrator","sales-administrator","https://nationalcareers.service.gov.uk/job-profiles/sales-administrator"
"Sales assistant","sales-assistant","https://nationalcareers.service.gov.uk/job-profiles/sales-assistant"
"Sales manager","sales-manager","https://nationalcareers.service.gov.uk/job-profiles/sales-manager"
"Sales representative","sales-representative","https://nationalcareers.service.gov.uk/job-profiles/sales-representative"
"Satellite engineer","satellite-engineer","https://nationalcareers.service.gov.uk/job-profiles/satellite-engineer"
"Scaffolder","scaffolder","https://nationalcareers.service.gov.uk/job-profiles/scaffolder"
"Scenes of crime officer","scenes-of-crime-officer","https://nationalcareers.service.gov.uk/job-profiles/scenes-of-crime-officer"
"School business manager","school-business-manager","https://nationalcareers.service.gov.uk/job-profiles/school-business-manager"
"School houseparent","school-matron","https://nationalcareers.service.gov.uk/job-profiles/school-matron"
"School lunchtime supervisor","school-lunchtime-supervisor","https://nationalcareers.service.gov.uk/job-profiles/school-lunchtime-supervisor"
"School nurse","school-nurse","https://nationalcareers.service.gov.uk/job-profiles/school-nurse"
"School secretary","school-secretary","https://nationalcareers.service.gov.uk/job-profiles/school-secretary"
"Screenwriter","screenwriter","https://nationalcareers.service.gov.uk/job-profiles/screenwriter"
"Secondary school teacher","secondary-school-teacher","https://nationalcareers.service.gov.uk/job-profiles/secondary-school-teacher"
"Secretary","secretary","https://nationalcareers.service.gov.uk/job-profiles/secretary"
"Security manager","security-manager","https://nationalcareers.service.gov.uk/job-profiles/security-manager"
"Security officer","security-officer","https://nationalcareers.service.gov.uk/job-profiles/security-officer"
"Security Service personnel","security-service-personnel","https://nationalcareers.service.gov.uk/job-profiles/security-service-personnel"
"Security systems installer","security-systems-installer","https://nationalcareers.service.gov.uk/job-profiles/security-systems-installer"
"Seismologist","seismologist","https://nationalcareers.service.gov.uk/job-profiles/seismologist"
"Senior care worker","senior-care-worker","https://nationalcareers.service.gov.uk/job-profiles/senior-care-worker"
"Set designer","set-designer","https://nationalcareers.service.gov.uk/job-profiles/set-designer"
"Sewing machinist","sewing-machinist","https://nationalcareers.service.gov.uk/job-profiles/sewing-machinist"
"Shopfitter","shopfitter","https://nationalcareers.service.gov.uk/job-profiles/shopfitter"
"Shopkeeper","shopkeeper","https://nationalcareers.service.gov.uk/job-profiles/shopkeeper"
"Sign maker","signmaker","https://nationalcareers.service.gov.uk/job-profiles/signmaker"
"Signalling technician","signalling-technician","https://nationalcareers.service.gov.uk/job-profiles/signalling-technician"
"Skills for life teacher","skills-for-life-teacher","https://nationalcareers.service.gov.uk/job-profiles/skills-for-life-teacher"
"Smart home installer","smart-home-installer","https://nationalcareers.service.gov.uk/job-profiles/smart-home-installer"
"Smart meter installer","smart-meter-installer","https://nationalcareers.service.gov.uk/job-profiles/smart-meter-installer"
"Social media influencer","vlogger","https://nationalcareers.service.gov.uk/job-profiles/vlogger"
"Social media manager","social-media-manager","https://nationalcareers.service.gov.uk/job-profiles/social-media-manager"
"Social services manager","social-services-manager","https://nationalcareers.service.gov.uk/job-profiles/social-services-manager"
"Social work assistant","social-work-assistant","https://nationalcareers.service.gov.uk/job-profiles/social-work-assistant"
"Social worker","social-worker","https://nationalcareers.service.gov.uk/job-profiles/social-worker"
"Software developer","software-developer","https://nationalcareers.service.gov.uk/job-profiles/software-developer"
"Soldier","soldier","https://nationalcareers.service.gov.uk/job-profiles/soldier"
"Solicitor","solicitor","https://nationalcareers.service.gov.uk/job-profiles/solicitor"
"Solutions architect","solutions-architect","https://nationalcareers.service.gov.uk/job-profiles/solutions-architect"
"Sonographer","sonographer","https://nationalcareers.service.gov.uk/job-profiles/sonographer"
"Special educational needs (SEN) teacher","special-educational-needs-sen-teacher","https://nationalcareers.service.gov.uk/job-profiles/special-educational-needs-sen-teacher"
"Special educational needs (SEN) teaching assistant","special-educational-needs-sen-teaching-assistant","https://nationalcareers.service.gov.uk/job-profiles/special-educational-needs-sen-teaching-assistant"
"Speech and language therapist","speech-and-language-therapist","https://nationalcareers.service.gov.uk/job-profiles/speech-and-language-therapist"
"Speech and language therapy assistant","speech-and-language-therapy-assistant","https://nationalcareers.service.gov.uk/job-profiles/speech-and-language-therapy-assistant"
"Sport and exercise psychologist","sport-and-exercise-psychologist","https://nationalcareers.service.gov.uk/job-profiles/sport-and-exercise-psychologist"
"Sports coach","sports-coach","https://nationalcareers.service.gov.uk/job-profiles/sports-coach"
"Sports commentator","sports-commentator","https://nationalcareers.service.gov.uk/job-profiles/sports-commentator"
"Sports development officer","sports-development-officer","https://nationalcareers.service.gov.uk/job-profiles/sports-development-officer"
"Sports professional","sports-professional","https://nationalcareers.service.gov.uk/job-profiles/sports-professional"
"Stage manager","stage-manager","https://nationalcareers.service.gov.uk/job-profiles/stage-manager"
"Stagehand","stagehand","https://nationalcareers.service.gov.uk/job-profiles/stagehand"
"Steel erector","steel-erector","https://nationalcareers.service.gov.uk/job-profiles/steel-erector"
"Steel fixer","steel-fixer","https://nationalcareers.service.gov.uk/job-profiles/steel-fixer"
"Steeplejack","steeplejack","https://nationalcareers.service.gov.uk/job-profiles/steeplejack"
"Stock control assistant","stock-control-assistant","https://nationalcareers.service.gov.uk/job-profiles/stock-control-assistant"
"Stockbroker","stockbroker","https://nationalcareers.service.gov.uk/job-profiles/stockbroker"
"Stonemason","stonemason","https://nationalcareers.service.gov.uk/job-profiles/stonemason"
"Store detective","store-detective","https://nationalcareers.service.gov.uk/job-profiles/store-detective"
"Street food trader","street-food-trader","https://nationalcareers.service.gov.uk/job-profiles/street-food-trader"
"Structural engineer","structural-engineer","https://nationalcareers.service.gov.uk/job-profiles/structural-engineer"
"Studio sound engineer","studio-sound-engineer","https://nationalcareers.service.gov.uk/job-profiles/studio-sound-engineer"
"Substance misuse outreach worker","substance-misuse-outreach-worker","https://nationalcareers.service.gov.uk/job-profiles/substance-misuse-outreach-worker"
"Supervisor","supervisor","https://nationalcareers.service.gov.uk/job-profiles/supervisor"
"Supply chain manager","supply-chain-manager","https://nationalcareers.service.gov.uk/job-profiles/supply-chain-manager"
"Surgeon","surgeon","https://nationalcareers.service.gov.uk/job-profiles/surgeon"
"Surveying technician","technical-surveyor","https://nationalcareers.service.gov.uk/job-profiles/technical-surveyor"
"Swimming teacher","swimming-teacher","https://nationalcareers.service.gov.uk/job-profiles/swimming-teacher"
"Systems analyst","systems-analyst","https://nationalcareers.service.gov.uk/job-profiles/systems-analyst"
"Tailor","tailor","https://nationalcareers.service.gov.uk/job-profiles/tailor"
"Tattooist and body piercer","tattooist-and-body-piercer","https://nationalcareers.service.gov.uk/job-profiles/tattooist-and-body-piercer"
"Tax adviser","tax-adviser","https://nationalcareers.service.gov.uk/job-profiles/tax-adviser"
"Tax inspector","tax-inspector","https://nationalcareers.service.gov.uk/job-profiles/tax-inspector"
"Taxi driver","taxi-driver","https://nationalcareers.service.gov.uk/job-profiles/taxi-driver"
"Teaching assistant","teaching-assistant","https://nationalcareers.service.gov.uk/job-profiles/teaching-assistant"
"Technical architect","technical-architect","https://nationalcareers.service.gov.uk/job-profiles/technical-architect"
"Technical author","technical-author","https://nationalcareers.service.gov.uk/job-profiles/technical-author"
"Technical brewer","technical-brewer","https://nationalcareers.service.gov.uk/job-profiles/technical-brewer"
"Telecoms engineer","telecoms-engineer","https://nationalcareers.service.gov.uk/job-profiles/telecoms-engineer"
"Test lead","test-lead","https://nationalcareers.service.gov.uk/job-profiles/test-lead"
"Textile designer","textile-designer","https://nationalcareers.service.gov.uk/job-profiles/textile-designer"
"Textile operative","textile-operative","https://nationalcareers.service.gov.uk/job-profiles/textile-operative"
"Thatcher","thatcher","https://nationalcareers.service.gov.uk/job-profiles/thatcher"
"Thermal insulation engineer","thermal-insulation-engineer","https://nationalcareers.service.gov.uk/job-profiles/thermal-insulation-engineer"
"Tiler","tiler","https://nationalcareers.service.gov.uk/job-profiles/tiler"
"Toolmaker","toolmaker","https://nationalcareers.service.gov.uk/job-profiles/toolmaker"
"Tour manager","tour-manager","https://nationalcareers.service.gov.uk/job-profiles/tour-manager"
"Tourist guide","tourist-guide","https://nationalcareers.service.gov.uk/job-profiles/tourist-guide"
"Tourist information centre assistant","tourist-information-centre-assistant","https://nationalcareers.service.gov.uk/job-profiles/tourist-information-centre-assistant"
"Town planner","town-planner","https://nationalcareers.service.gov.uk/job-profiles/town-planner"
"Town planning assistant","town-planning-assistant","https://nationalcareers.service.gov.uk/job-profiles/town-planning-assistant"
"Trade mark attorney","trade-mark-attorney","https://nationalcareers.service.gov.uk/job-profiles/trade-mark-attorney"
"Trade union official","trade-union-official","https://nationalcareers.service.gov.uk/job-profiles/trade-union-official"
"Trading standards officer","trading-standards-officer","https://nationalcareers.service.gov.uk/job-profiles/trading-standards-officer"
"Train conductor","train-conductor","https://nationalcareers.service.gov.uk/job-profiles/train-conductor"
"Train driver","train-driver","https://nationalcareers.service.gov.uk/job-profiles/train-driver"
"Train station worker","train-station-worker","https://nationalcareers.service.gov.uk/job-profiles/train-station-worker"
"Training officer","training-officer","https://nationalcareers.service.gov.uk/job-profiles/training-officer"
"Tram driver","tram-driver","https://nationalcareers.service.gov.uk/job-profiles/tram-driver"
"Translator","translator","https://nationalcareers.service.gov.uk/job-profiles/translator"
"Transport planner","transport-planner","https://nationalcareers.service.gov.uk/job-profiles/transport-planner"
"Travel agent","travel-agent","https://nationalcareers.service.gov.uk/job-profiles/travel-agent"
"Tree surgeon","tree-surgeon","https://nationalcareers.service.gov.uk/job-profiles/tree-surgeon"
"TV or film assistant director","tv-or-film-assistant-director","https://nationalcareers.service.gov.uk/job-profiles/tv-or-film-assistant-director"
"TV or film assistant production co-ordinator","tv-or-film-production-assistant","https://nationalcareers.service.gov.uk/job-profiles/tv-or-film-production-assistant"
"TV or film camera operator","tv-or-film-camera-operator","https://nationalcareers.service.gov.uk/job-profiles/tv-or-film-camera-operator"
"TV or film director","tv-or-film-director","https://nationalcareers.service.gov.uk/job-profiles/tv-or-film-director"
"TV or film producer","tv-or-film-producer","https://nationalcareers.service.gov.uk/job-profiles/tv-or-film-producer"
"TV or film production manager","tv-or-film-production-manager","https://nationalcareers.service.gov.uk/job-profiles/tv-or-film-production-manager"
"TV or film production runner","tv-or-film-production-runner","https://nationalcareers.service.gov.uk/job-profiles/tv-or-film-production-runner"
"TV or film sound technician","tv-or-film-sound-technician","https://nationalcareers.service.gov.uk/job-profiles/tv-or-film-sound-technician"
"TV presenter","tv-presenter","https://nationalcareers.service.gov.uk/job-profiles/tv-presenter"
"User experience (UX) designer","ux-designer","https://nationalcareers.service.gov.uk/job-profiles/ux-designer"
"User researcher","user-researcher","https://nationalcareers.service.gov.uk/job-profiles/user-researcher"
"Vehicle body repairer","vehicle-body-repairer","https://nationalcareers.service.gov.uk/job-profiles/vehicle-body-repairer"
"Vet","vet","https://nationalcareers.service.gov.uk/job-profiles/vet"
"Veterinary nurse","veterinary-nurse","https://nationalcareers.service.gov.uk/job-profiles/veterinary-nurse"
"Veterinary physiotherapist","veterinary-physiotherapist","https://nationalcareers.service.gov.uk/job-profiles/veterinary-physiotherapist"
"Victim care officer","victim-care-officer","https://nationalcareers.service.gov.uk/job-profiles/victim-care-officer"
"Video editor","video-editor","https://nationalcareers.service.gov.uk/job-profiles/video-editor"
"Visitor attraction general manager","visitor-attraction-general-manager","https://nationalcareers.service.gov.uk/job-profiles/visitor-attraction-general-manager"
"Visual merchandiser","visual-merchandiser","https://nationalcareers.service.gov.uk/job-profiles/visual-merchandiser"
"Waiter","waiter","https://nationalcareers.service.gov.uk/job-profiles/waiter"
"Wardrobe assistant","wardrobe-assistant","https://nationalcareers.service.gov.uk/job-profiles/wardrobe-assistant"
"Warehouse manager","warehouse-manager","https://nationalcareers.service.gov.uk/job-profiles/warehouse-manager"
"Warehouse worker","warehouse-worker","https://nationalcareers.service.gov.uk/job-profiles/warehouse-worker"
"Watch or clock repairer","watch-or-clock-repairer","https://nationalcareers.service.gov.uk/job-profiles/watch-or-clock-repairer"
"Water network operative","water-network-operative","https://nationalcareers.service.gov.uk/job-profiles/water-network-operative"
"Water treatment worker","water-treatment-worker","https://nationalcareers.service.gov.uk/job-profiles/water-treatment-worker"
"Web content editor","web-content-editor","https://nationalcareers.service.gov.uk/job-profiles/web-content-editor"
"Web designer","web-designer","https://nationalcareers.service.gov.uk/job-profiles/web-designer"
"Web developer","web-developer","https://nationalcareers.service.gov.uk/job-profiles/web-developer"
"Wedding planner","wedding-planner","https://nationalcareers.service.gov.uk/job-profiles/wedding-planner"
"Welder","welder","https://nationalcareers.service.gov.uk/job-profiles/welder"
"Welfare rights adviser","welfare-rights-officer","https://nationalcareers.service.gov.uk/job-profiles/welfare-rights-officer"
"Wind turbine technician","wind-turbine-technician","https://nationalcareers.service.gov.uk/job-profiles/wind-turbine-technician"
"Window cleaner","window-cleaner","https://nationalcareers.service.gov.uk/job-profiles/window-cleaner"
"Window fabricator","window-fabricator","https://nationalcareers.service.gov.uk/job-profiles/window-fabricator"
"Windscreen fitter","windscreen-fitter","https://nationalcareers.service.gov.uk/job-profiles/windscreen-fitter"
"Wood machinist","wood-machinist","https://nationalcareers.service.gov.uk/job-profiles/wood-machinist"
"Writer","writer","https://nationalcareers.service.gov.uk/job-profiles/writer"
"Yoga teacher","yoga-teacher","https://nationalcareers.service.gov.uk/job-profiles/yoga-teacher"
"Yoga therapist","yoga-therapist","https://nationalcareers.service.gov.uk/job-profiles/yoga-therapist"
"Youth offending team officer","youth-offending-team-officer","https://nationalcareers.service.gov.uk/job-profiles/youth-offending-team-officer"
"Youth worker","youth-worker","https://nationalcareers.service.gov.uk/job-profiles/youth-worker"
"Zookeeper","zookeeper","https://nationalcareers.service.gov.uk/job-profiles/zookeeper"
"Zoologist","zoologist","https://nationalcareers.service.gov.uk/job-profiles/zoologist"